4	Alteveer
3	Beek
3	Oudega
3	Rijswijk
3	Spijk
3	Nes
2	Hengelo
2	Kloetinge
2	Den Ham
2	Well
2	Eursinge
2	Scherpenzeel
2	Pesse
2	Vianen
2	Noordeinde
2	Voorst
2	Spier
2	Boerakker
2	Haren
2	Zennewijnen
2	Zevenbergschen Hoek
2	Stuifzand
2	Ulvenhout
2	Oosterwolde
2	Katwijk
2	Sibculo
2	Bavel
2	Buurmalsen
2	Nieuweroord
2	Kloosterhaar
2	Oostwold
2	Oosterend
2	Tiendeveen
2	Elst
2	Laren
2	Zuidwolde
2	Mastenbroek
2	Elsloo
2	Biervliet
2	Achterveld
2	Oudkarspel
2	Baarlo
2	Lageland
2	Buren
2	Velp
2	Vledderveen
2	Serooskerke
2	Beuningen
2	Oudemolen
2	Purmer
2	Noordwijk
2	Niekerk
2	Winsum
2	Rozenburg
2	Startenhuizen
2	Harkstede
2	Noordwolde
2	Ruinen
2	Loo
2	Zevenhuizen
2	Steenbergen
2	Afferden
2	Spaarndam
2	Vinkel
2	Hoorn
2	Rossum
2	Ansen
2	Hoogersmilde
2	Geesteren
2	Oostrum
2	Haarle
2	Deurningen
2	Hoenderloo
2	Spijkerboor
2	Echten
2	Den Hoorn
2	Alphen
2	Ursem
2	Huis ter Heide
2	Klarenbeek
2	Oosterhout
2	Bergen
2	Wirdum
2	Tienhoven
2	Borgercompagnie
2	Koedijk
2	Broekhuizen
2	Rottum
2	Valkenburg
2	Heusden
1	Twello
1	Henxel
1	Maasdijk
1	Teerns
1	Buinerveen
1	Ter Aar
1	Puth
1	Oudenhoorn
1	Balloërveld
1	Harderwijk
1	Hoofddorp
1	Reutum
1	Dieden
1	Kats
1	Schuinesloot
1	Achlum
1	Garnwerd
1	Driebruggen
1	Gramsbergen
1	Makkum
1	Wedde
1	Schagerbrug
1	Zevenhoven
1	Ottoland
1	Stoutenburg
1	Hollandscheveld
1	Berg en Dal
1	Anna Paulowna
1	Jelsum
1	Appeltern
1	Abbenbroek
1	Bruinisse
1	Hoogwoud
1	Heveadorp
1	Rijnsaterwoude
1	Assendelft
1	Noorbeek
1	Driezum
1	Meerkerk
1	De Wilp
1	Warder
1	Sambeek
1	Leveroy
1	Sibrandahûs
1	Zeewolde
1	Castenray
1	Rozendaal
1	Gieterveen
1	Balinge
1	Enkhuizen
1	Kapelle
1	America
1	Zuidhorn
1	Bathmen
1	Warfstermolen
1	Acquoy
1	Heesbeen
1	Meliskerke
1	Hardenberg
1	Zoelmond
1	Siebengewald
1	Heijen
1	Kaatsheuvel
1	Roggel
1	Sauwerd
1	De Krim
1	Halfweg
1	Firdgum
1	Termunten
1	Molenaarsgraaf
1	Nieuwaal
1	Nieuwvliet
1	Vught
1	Ommeren
1	Berkhout
1	Casteren
1	Mierlo
1	Stavoren
1	Britsum
1	Arnemuiden
1	Noord-Scharwoude
1	Wijnandsrade
1	Oldekerk
1	Harfsen
1	Molenhoek
1	Westergeest
1	Eesergroen
1	Jellum
1	Keijenborg
1	Smilde
1	Halle
1	Bovensmilde
1	Zeist
1	Drogteropslagen
1	Panningen
1	Netterden
1	Oostkapelle
1	Aagtekerke
1	Veldhoven
1	Terwolde
1	Hooge Mierde
1	Borculo
1	Oranjewoud
1	Nieuw Scheemda
1	Wognum
1	Schoonrewoerd
1	Warmond
1	Montfoort
1	Tholen
1	Schinnen
1	Niftrik
1	Brucht
1	Molkwerum
1	Haarlem
1	Neerijnen
1	Grijpskerk
1	Workum
1	Schardam
1	Aalden
1	Adorp
1	Dieren
1	Sleen
1	Bingelrade
1	Stevensweert
1	Wetsens
1	Budel-Schoot
1	Bussum
1	Doorn
1	Niehove
1	Edam
1	Dronryp
1	Scharsterbrug
1	Papenhoven
1	Hoogmade
1	Heesselt
1	Stevensbeek
1	Readtsjerk
1	Kampen
1	Watergang
1	Munnekeburen
1	Haler
1	Volendam
1	Lepelstraat
1	Sevenum
1	Terborg
1	Breukeleveen
1	Etten-Leur
1	Almen
1	Onna
1	Waverveen
1	Brunssum
1	Kantens
1	Longerhouw
1	Oosteind
1	Dalmsholte
1	Steendam
1	Geleen
1	Schagen
1	Bruchem
1	Rijnsburg
1	Kaard
1	Kollumerpomp
1	Mûnein
1	Goes
1	Amstelveen
1	Ryptsjerk
1	Heumen
1	Lieren
1	Rotterdam-Albrandswaard
1	Noardburgum
1	Scharnegoutum
1	Kuitaart
1	Den Burg
1	Loosbroek
1	Sondel
1	Siddeburen
1	Woldendorp
1	Azewijn
1	Zijderveld
1	Rijkevoort
1	Woensdrecht
1	Eede
1	't Zandt
1	Klein Zundert
1	Agelo
1	Langezwaag
1	Doniaga
1	Noordgouwe
1	Amstenrade
1	Gasteren
1	Niawier
1	Oegstgeest
1	Schijndel
1	Breezanddijk
1	Landhorst
1	Ingelum
1	Grootebroek
1	Asperen
1	Domburg
1	Schiermonnikoog
1	Heerhugowaard
1	Leerdam
1	Loosdrecht
1	Valkenswaard
1	Neerloon
1	Nuenen
1	Onstwedde
1	Wilnis
1	Stoutenburg Noord
1	Woudbloem
1	Kûbaard
1	Santpoort-Zuid
1	Wijk bij Duurstede
1	Nieuwland
1	Baexem
1	Baaium
1	Broeksterwâld
1	Giethmen
1	Harbrinkhoek
1	Nederweert-Eind
1	Smakt
1	Spanbroek
1	De Bult
1	Visvliet
1	Sijbekarspel
1	Tricht
1	Hertme
1	Gasselternijveenschemond
1	Surhuisterveen
1	Uitwellingerga
1	Roosendaal
1	Oudewater
1	Duiven
1	Wervershoof
1	Sint-Oedenrode
1	Knegsel
1	Leiderdorp
1	Raerd
1	Westervelde
1	Erichem
1	Peest
1	Vessem
1	Eck en Wiel
1	Harkema
1	Vasse
1	't Loo
1	Smalle Ee
1	Maarssen
1	Giethoorn
1	Dreumel
1	Kinderdijk
1	Grashoek
1	Bornerbroek
1	Swichum
1	Lettele
1	Sassenheim
1	Noord-Sleen
1	Braamt
1	Waal
1	Witmarsum
1	Ee
1	Lage Zwaluwe
1	Vaassen
1	Spaubeek
1	Meddo
1	Groessen
1	Linschoten
1	Creil
1	Baars
1	Eenum
1	Kruisland
1	Diessen
1	Kollum
1	Brielle
1	Tull en 't Waal
1	Stolwijk
1	Hooglanderveen
1	Drouwenerveen
1	Urmond
1	Sweikhuizen
1	Made
1	Onderdendam
1	Buinen
1	Nieuwkoop
1	Hijken
1	Mirns
1	Blauwhuis
1	Leimuiderbrug
1	Boschoord
1	Barendrecht
1	Boer
1	Loon
1	Leidschendam
1	Lochem
1	Nederhemert
1	Mariaparochie
1	Lippenhuizen
1	Haarsteeg
1	Vrouwenpolder
1	Pietersbierum
1	Egmond-Binnen
1	Vrouwenparochie
1	Ouwsterhaule
1	Oud-Alblas
1	Kootwijkerbroek
1	Kerkrade
1	Pannerden
1	Schoonloo
1	Tzummarum
1	Gouderak
1	Kockengen
1	Muiderberg
1	Anevelde
1	Sibrandabuorren
1	Nieuw-Roden
1	Oploo
1	Rotterdam
1	Renkum
1	Metslawier
1	Rheden
1	Oudeschip
1	Corle
1	Surhuizum
1	Tuitjenhorn
1	Haps
1	Steyl
1	Wapenveld
1	Nieuwdorp
1	Eexterveenschekanaal
1	Warfhuizen
1	Papenvoort
1	Kerkenveld
1	Ulestraten
1	Tuk
1	Smallebrugge
1	Noordwelle
1	Drunen
1	Kalenberg
1	Baflo
1	Oosterblokker
1	Roderesch
1	Zaamslag
1	Beerze
1	Merkelbeek
1	Walem
1	Harskamp
1	Hindeloopen
1	Geeuwenbrug
1	Zeijerveen
1	Kudelstaart
1	Ter Apel
1	Wijlre
1	Borne
1	Oene
1	Wolsum
1	Enspijk
1	Oude Pekela
1	Weurt
1	Erlecom
1	Sint Anthonis
1	Ten Post
1	Kwintsheul
1	Sprang-Capelle
1	Lisse
1	Pijnacker
1	Zaandijk
1	Hellum
1	Havelterberg
1	Westzaan
1	Oranje
1	's-Heerenbroek
1	Westhoek
1	IJlst
1	Haarlo
1	Vrouwenakker
1	Dinxperlo
1	Castricum
1	Biggekerke
1	De Rips
1	Dreischor
1	Moergestel
1	Snakkerburen
1	Hoogland
1	Uitwijk
1	Hunsel
1	Wehl
1	Elim
1	Wâlterswâld
1	Melissant
1	Boesingheliede
1	Opheusden
1	Wieringerwerf
1	Oisterwijk
1	Otterlo
1	Leimuiden
1	Hagestein
1	Hegebeintum
1	Tytsjerk
1	Geerdijk
1	Lekkum
1	Boornbergum
1	Santpoort-Noord
1	Waardhuizen
1	Ootmarsum
1	Boornzwaag
1	Rhoon
1	Hekelingen
1	Overdinkel
1	Valthermond
1	Oldeholtwolde
1	Hoogeloon
1	Teroele
1	Haskerhorne
1	Cornwerd
1	Bolsward
1	Schraard
1	Maasbree
1	Someren
1	Hierden
1	Gees
1	Kamperland
1	Exmorra
1	Lucaswolde
1	Mariahout
1	Zandberg
1	Oostburg
1	Goingarijp
1	Ledeacker
1	Kaag
1	Oosterland
1	Lutjewinkel
1	Hank
1	Steensel
1	Tiel
1	Sittard
1	Lomm
1	Zetten
1	Sint Maarten
1	Wijngaarden
1	Collendoorn
1	Barger-Compascuum
1	Doornspijk
1	Zwartemeer
1	Gulpen
1	Legemeer
1	Beilen
1	Eethen
1	Oosterwijtwerd
1	Zwanenburg
1	Veeningen
1	Wateringen
1	Hilvarenbeek
1	Middelaar
1	Yde
1	Stampersgat
1	Ankeveen
1	Onnen
1	Geldrop
1	Everdingen
1	Voorthuizen
1	Dearsum
1	Lage Mierde
1	Elp
1	Sint Annen
1	Oudeschoot
1	Oss
1	Glane
1	Hartwerd
1	Kimswerd
1	Doornenburg
1	Kedichem
1	Sint Joost
1	Nieuwe Niedorp
1	De Moer
1	Nijkerk
1	Breedenbroek
1	Kinnum
1	Hendrik-Ido-Ambacht
1	Woubrugge
1	Utrecht
1	Heerlen
1	Maasdam
1	Noordscheschut
1	Nootdorp
1	Teteringen
1	Kloosterburen
1	Sumar
1	Jaarsveld
1	Sprundel
1	Diemen
1	Hantum
1	Follega
1	Loenen aan de Vecht
1	Amen
1	Oost-Souburg
1	Retranchement
1	Esch
1	Krommenie
1	Alde Leie
1	Jislum
1	Kapellebrug
1	Wekerom
1	Oudorp
1	Schoonebeek
1	Garderen
1	Wesepe
1	Terhole
1	Dronten
1	Heijenrath
1	Waalwijk
1	Kesteren
1	Kootstertille
1	Terschuur
1	Eexterveen
1	De Heurne
1	Heelweg
1	Baaiduinen
1	Weesp
1	De Falom
1	Langerak
1	Drouwen
1	Nijland
1	't Haantje
1	Dalerveen
1	Zegveld
1	Goudriaan
1	Nieuwendijk
1	Nijeveen
1	Elahuizen
1	Velsen-Noord
1	Benschop
1	Veenendaal
1	Oostzaan
1	Berkenwoude
1	Erp
1	Ossenisse
1	Breezand
1	Hoog-Keppel
1	Velsen-Zuid
1	Zwiggelte
1	Plasmolen
1	Wijk en Aalburg
1	Echteld
1	Landgraaf
1	Odijk
1	Lettelbert
1	Tjalleberd
1	Hoog Soeren
1	Swifterbant
1	Garsthuizen
1	Wolvega
1	Kruiningen
1	Steenwijk
1	Dijken
1	Est
1	Poederoijen
1	Monnickendam
1	Biezenmortel
1	's-Heerenberg
1	Bronkhorst
1	Hoogerheide
1	Delwijnen
1	De Glind
1	Westernieland
1	Baarland
1	Beerzerveld
1	Griendtsveen
1	Hantumeruitburen
1	Nistelrode
1	Veenhuizen
1	Mensingeweer
1	Geesbrug
1	Ell
1	't Harde
1	Beegden
1	Biest-Houtakker
1	Egchel
1	Aartswoud
1	Hooghalen
1	Delfgauw
1	Oldeholtpade
1	Epen
1	Luxwoude
1	Axel
1	Raalte
1	Nijelamer
1	Neeritter
1	Oldenzijl
1	Koog aan de Zaan
1	Woudrichem
1	Empe
1	Schoorl
1	Noordbroek
1	Donkerbroek
1	Tuil
1	Duivendrecht
1	Demen
1	Colijnsplaat
1	Schin op Geul
1	Eesveen
1	Den Helder
1	Maren-Kessel
1	Vlieland
1	Voorschoten
1	Darp
1	Hichtum
1	Notter
1	Reijmerstok
1	Roswinkel
1	Oppenhuizen
1	Maashees
1	Wassenaar
1	Liessel
1	Wezup
1	Altforst
1	Oud Zuilen
1	Ratum
1	Varsseveld
1	Bennebroek
1	Warffum
1	Delfstrahuizen
1	Ammerzoden
1	Wijdenes
1	Gendt
1	Veghel
1	Ruigahuizen
1	Wanneperveen
1	Epse
1	Milsbeek
1	Hantumhuizen
1	Megchelen
1	Voorburg
1	Een-West
1	Wapse
1	Thesinge
1	Schoondijke
1	Terwispel
1	Oostknollendam
1	Bemelen
1	Gauw
1	Boijl
1	Wijckel
1	Vijlen
1	Heeze
1	Piaam
1	Oosterbeek
1	Rasquert
1	Hurwenen
1	Olburgen
1	Holtum
1	Ellemeet
1	Staphorst
1	Jannum
1	Hazerswoude-Rijndijk
1	Meeuwen
1	Leersum
1	Hollandsche Rading
1	Oijen
1	Wormer
1	Lioessens
1	Saaksum
1	Nieuw Annerveen
1	Lunteren
1	Stieltjeskanaal
1	Westerland
1	Oosterstreek
1	Wieringerwaard
1	Opmeer
1	Handel
1	Woold
1	Herkenbosch
1	Hekendorp
1	Hemrik
1	Hommerts
1	Gassel
1	Sirjansland
1	Heerde
1	Hauwert
1	Rogat
1	Veen
1	Balkbrug
1	Oud Ootmarsum
1	Heeten
1	Strijensas
1	Babberich
1	Valburg
1	Lytsewierrum
1	Valthe
1	Muiden
1	Zwijndrecht
1	Heino
1	Amsterdam
1	Balloo
1	Abbekerk
1	Giessenburg
1	Drongelen
1	Wormerveer
1	Wilhelminaoord
1	Genemuiden
1	Stadskanaal
1	Biddinghuizen
1	Wilsum
1	Burgerveen
1	Boxmeer
1	Loenen
1	Sappemeer
1	Anerveen
1	Marknesse
1	Geulle
1	Bunne
1	Beekbergen
1	Westdorpe
1	Zonnemaire
1	Hoek van Holland
1	Gemert
1	's-Heer Abtskerke
1	Zaltbommel
1	Berkel-Enschot
1	Zevenaar
1	Maastricht-Airport
1	Anloo
1	Hobrede
1	Nieuwe-Tonge
1	Oudehaske
1	Marle
1	Stompetoren
1	Bitgum
1	Toornwerd
1	Kortehemmen
1	Roosteren
1	Hoevelaken
1	Wilhelminadorp
1	Hulten
1	Middenmeer
1	Obbicht
1	Nigtevecht
1	Midwolde
1	Lent
1	Rutten
1	Nederasselt
1	Arriën
1	Gorssel
1	Goedereede
1	Heel
1	Rijen
1	Kolhorn
1	Slootdorp
1	Maria Hoop
1	Roodeschool
1	Zoutelande
1	Miste
1	Kerkwerve
1	Ommen
1	Loerbeek
1	Oosterbierum
1	Espel
1	Niebert
1	Limbricht
1	Uddel
1	Stiens
1	Broek in Waterland
1	Katlijk
1	Steenwijkerwold
1	Geldermalsen
1	Luddeweer
1	Erica
1	Driehuizen
1	Jabeek
1	Posterholt
1	Bourtange
1	Bern
1	Velden
1	Blankenham
1	Oldeouwer
1	Lijnden
1	Denekamp
1	Middelharnis
1	Lekkerkerk
1	Niezijl
1	Oudeschans
1	Wamel
1	Zwinderen
1	Zandhuizen
1	Groenekan
1	Nieuw Namen
1	Zoutkamp
1	Heijningen
1	Elspeet
1	Mookhoek
1	Nieuweschoot
1	Veendam
1	Exloo
1	Stokkum
1	Schermerhorn
1	Bosch en Duin
1	Nieuwlande Coevorden
1	Den Oever
1	Westervoort
1	Kamperveen
1	Haaren
1	Neerlangel
1	Sint Agatha
1	Uithuizermeeden
1	Hee
1	Naarden
1	Vegelinsoord
1	Oentsjerk
1	Cruquius
1	Banholt
1	De Veenhoop
1	Loon op Zand
1	Muntendam
1	Woerdense Verlaat
1	Abbega
1	Kwadijk
1	Blauwestad
1	Zundert
1	Koekange
1	Scharendijke
1	Culemborg
1	Wolphaartsdijk
1	Lewedorp
1	Obdam
1	't Veld
1	Noordbeemster
1	Zuidveld
1	Bloemendaal
1	Helenaveen
1	Joppe
1	Leunen
1	Ammerstol
1	Arnhem
1	Teuge
1	Houten
1	Ridderkerk
1	Monster
1	Idskenhuizen
1	Striep
1	Kootwijk
1	Tinte
1	Kolham
1	Bears
1	Grathem
1	Kotten
1	Warstiens
1	Wijnaldum
1	Baarle-Nassau
1	Tilburg
1	Harlingen
1	Godlinze
1	Ittervoort
1	Leusden
1	Baambrugge
1	Den Horn
1	Doetinchem
1	Havelte
1	Luttenberg
1	Sexbierum
1	Goënga
1	Tynaarlo
1	Lievelde
1	Doesburg
1	Linne
1	Grijpskerke
1	Borssele
1	Loënga
1	Wijk aan Zee
1	Nieuwegein
1	Langeweg
1	Vortum-Mullem
1	Belfeld
1	Lathum
1	Oterleek
1	Grubbenvorst
1	Noorden
1	Tersoal
1	Nederweert
1	Balk
1	Putten
1	Lelystad
1	Lutten
1	Baak
1	Benneveld
1	Willemstad
1	Waterhuizen
1	Midsland
1	Brandwijk
1	Oldemarkt
1	Schokland
1	Blesdijke
1	Koewacht
1	Bornwird
1	Uffelte
1	Usquert
1	Nuland
1	Mussel
1	Foxwolde
1	Wiuwert
1	Feerwerd
1	Enter
1	Buitenpost
1	Schaijk
1	Zuidveen
1	Luinjeberd
1	Oldehove
1	Sint Hubert
1	Termunterzijl
1	Zwaagdijk-West
1	Ambt Delden
1	Oosternijkerk
1	Waarde
1	Honselersdijk
1	Eibergen
1	Tollebeek
1	Suwâld
1	Cromvoirt
1	Homoet
1	Netersel
1	Midwoud
1	Koudum
1	Rosmalen
1	Diever
1	Westbroek
1	Wichmond
1	Moorveld
1	Meeden
1	's-Heerenhoek
1	Sas van Gent
1	Amerongen
1	Beugen
1	Bronnegerveen
1	Garrelsweer
1	Best
1	Haarzuilens
1	Gaastmeer
1	Wezep
1	Oosterleek
1	Nieuw-Amsterdam
1	Parrega
1	Oud-Beijerland
1	Drachten-Azeven
1	Fijnaart
1	Etten
1	Swolgen
1	Wissenkerke
1	Spankeren
1	Stedum
1	Borgsweer
1	Ees
1	Kloosterzande
1	Grolloo
1	Groningen
1	Beutenaken
1	Puttershoek
1	Chaam
1	Holsloot
1	Woerden
1	Hardinxveld-Giessendam
1	Vriezenveen
1	West-Terschelling
1	Kornhorn
1	Daarle
1	Moordrecht
1	Slenaken
1	Houtigehage
1	Heemskerk
1	Bentveld
1	Moerstraten
1	Aarlanderveen
1	Baard
1	Heide
1	Tripscompagnie
1	Limmen
1	Wehe-den Hoorn
1	Veulen
1	Margraten
1	De Rijp
1	Rockanje
1	Castelre
1	Heerle
1	Alblasserdam
1	Woudenberg
1	Joure
1	Dinteloord
1	Andijk
1	Rohel
1	Schimmert
1	Westhem
1	Lottum
1	De Blesse
1	Soesterberg
1	Willemsoord
1	Uden
1	Pingjum
1	Reuver
1	Poortvliet
1	Maurik
1	Doeveren
1	Riethoven
1	Vethuizen
1	Heiloo
1	Oosterzee
1	Hernen
1	Sliedrecht
1	Alem
1	Beets
1	Hapert
1	Nieuwveen
1	Groeningen
1	Bruntinge
1	Dordrecht
1	Kwadendamme
1	Overlangel
1	Oost West en Middelbeers
1	Bergeijk
1	Vlierden
1	Finsterwolde
1	De Groeve
1	Oud Ade
1	Beetsterzwaag
1	Zijldijk
1	Houwerzijl
1	Vriescheloo
1	Rijsbergen
1	Werkhoven
1	Ospel
1	Gersloot
1	Cadier en Keer
1	Delfzijl
1	Broekland
1	Kallenkote
1	Zwaanshoek
1	Steenenkamer
1	Zevenbergen
1	Zijdewind
1	Ellecom
1	Luyksgestel
1	Boven-Leeuwen
1	Egmond aan Zee
1	Graauw
1	Olst
1	Wageningen
1	Oude-Tonge
1	Bedum
1	Bakkeveen
1	Vierhuizen
1	Pernis
1	Anjum
1	Katwoude
1	Koufurderrige
1	Dirkshorn
1	Raamsdonksveer
1	Nijkerkerveen
1	Heikant
1	Eext
1	Ermelo
1	Gaanderen
1	Nijetrijne
1	Bellingwolde
1	Goudswaard
1	Heinenoord
1	Geelbroek
1	Langweer
1	Oosterhesselen
1	Wijchen
1	Wijster
1	Dirksland
1	Moerdijk
1	Vlijmen
1	Dalerpeel
1	Tjalhuizum
1	Foudgum
1	Oosternieland
1	Emmer-Compascuum
1	Zeijerveld
1	Raard
1	Waardenburg
1	Tolbert
1	Amersfoort
1	Zwartsluis
1	Hieslum
1	Twisk
1	Ransdaal
1	Zaandam
1	Rilland
1	Diepenveen
1	Doezum
1	Macharen
1	Langenboom
1	Nieuw-Buinen
1	Weiteveen
1	Westdorp
1	Drouwenermond
1	Beneden-Leeuwen
1	Philippine
1	Overloon
1	De Steeg
1	Radewijk
1	Slappeterp
1	Zuidoostbeemster
1	Walsoorden
1	Buchten
1	Andelst
1	Hengstdijk
1	Groede
1	Wolfheze
1	Diphoorn
1	Rolde
1	Hoeven
1	Maarsbergen
1	Frederiksoord
1	Dodewaard
1	Scharwoude
1	Vreeland
1	Strijbeek
1	Luttelgeest
1	Wons
1	Hoofdplaat
1	't Goy
1	Olterterp
1	Voorhout
1	Sloten
1	Sebaldeburen
1	Terheijden
1	Westendorp
1	Volkel
1	Sandfirden
1	Urk
1	Ternaard
1	Oudheusden
1	Spanga
1	Veenklooster
1	Jirnsum
1	Greonterp
1	Franeker
1	Daarlerveen
1	Klimmen
1	Jubbega
1	Eleveld
1	Nieuwstadt
1	Echt
1	Vogelenzang
1	Sonnega
1	Herten
1	Venhorst
1	Groesbeek
1	Kapel Avezaath
1	Munnekezijl
1	Ubbena
1	Elsendorp
1	Kerk-Avezaath
1	Feanwâlden
1	Roden
1	Ugchelen
1	Leons
1	Erm
1	Gelderswoude
1	Arkel
1	Warnsveld
1	Ingen
1	Oosterwijk
1	Hasselt
1	Herkingen
1	Den Dolder
1	Lengel
1	Vinkega
1	Rhee
1	Berltsum
1	Exloërveen
1	Oudeschild
1	Vondelingenplaat
1	Renswoude
1	Schellinkhout
1	Gaast
1	Drogeham
1	Vierakker
1	Benthuizen
1	Stitswerd
1	Punthorst
1	De Westereen
1	Nietap
1	Druten
1	Hinnaard
1	Simpelveld
1	Roderwolde
1	Lichtaard
1	Nieuwpoort
1	Haulerwijk
1	Susteren
1	Mijdrecht
1	Noordlaren
1	Zuurdijk
1	Velserbroek
1	Milheeze
1	's-Heer Hendrikskinderen
1	Formerum
1	Prinsenbeek
1	Linde
1	Reusel
1	Vredepeel
1	Warns
1	Ouwster-Nijega
1	Beerta
1	Waalre
1	Zierikzee
1	Bantega
1	Hemmen
1	Meedhuizen
1	Oudezijl
1	Beinsdorp
1	Ochten
1	Een
1	Idzega
1	Tienray
1	Krimpen aan de Lek
1	Oudemirdum
1	Hattem
1	Weert
1	Lemmer
1	Buggenum
1	Didam
1	Goutum
1	Soerendonk
1	Venlo
1	Nij Altoenae
1	Elkenrade
1	Silvolde
1	Hoornaar
1	Bemmel
1	Leuvenheim
1	Rotsterhaule
1	Peperga
1	Giessen
1	Den Andel
1	Frieschepalen
1	Skingen
1	Wierden
1	Spui
1	Lobith
1	De Pol
1	Geersdijk
1	Eemshaven
1	IJzendoorn
1	Krewerd
1	Zutphen
1	Rijsenhout
1	Achtmaal
1	Petten
1	Groet
1	Nieuw Beerta
1	Westeremden
1	De Heen
1	Hillegom
1	Deurze
1	Ellertshaar
1	De Hoeve
1	Ruinerwold
1	Linden
1	Oldelamer
1	Klazienaveen
1	Ten Boer
1	Melderslo
1	Glimmen
1	Dongjum
1	Wijdewormer
1	Zwartebroek
1	De Schiphorst
1	Goirle
1	Leende
1	Lith
1	De Kwakel
1	Heerenveen
1	Amstelhoek
1	Heesch
1	Maasbommel
1	Abbenes
1	Huisseling
1	Mill
1	Medemblik
1	Zandvoort
1	Berlicum
1	Barneveld
1	Nijverdal
1	Allingawier
1	Heukelum
1	Mheer
1	Heilig Landstichting
1	Hulst
1	Reeuwijk
1	Zegge
1	Oudelande
1	Drieborg
1	Klaaswaal
1	Epe
1	Sinderen
1	Vlist
1	's-Graveland
1	Veessen
1	Feinsum
1	Sint-Maartensdijk
1	Ooltgensplaat
1	Maassluis
1	Drempt
1	Ginnum
1	Zuid-Scharwoude
1	Opeinde
1	Leiden
1	's Gravenmoer
1	Deursen-Dennenburg
1	Maarheeze
1	Driel
1	Bergambacht
1	Middelie
1	Dalfsen
1	Ovezande
1	Streefkerk
1	Heinkenszand
1	Kerkwijk
1	Neerkant
1	Easterwierrum
1	De Tike
1	Ritthem
1	Sint Geertruid
1	Lambertschaag
1	Hoedekenskerke
1	Nisse
1	Waarland
1	Lexmond
1	Zenderen
1	Son en Breugel
1	Koningslust
1	IJzendijke
1	Hegelsom
1	Schiedam
1	Paasloo
1	Beemte Broekland
1	Evertsoord
1	Beltrum
1	Den Hout
1	Ameide
1	Sluis
1	Huijbergen
1	Ferwert
1	Oostwoud
1	Bunde
1	Dussen
1	Fleringen
1	Wetsinge
1	Almelo
1	Langeveen
1	Holwerd
1	Oirlo
1	De Weere
1	Zoeterwoude
1	Arum
1	Odoorn
1	Hellendoorn
1	Garmerwolde
1	Stein
1	Hoek
1	Ophemert
1	Zoetermeer
1	Numansdorp
1	Almere
1	Vlaardingen
1	Rha
1	Nunspeet
1	Standdaarbuiten
1	Ewijk
1	Waspik
1	Rheeze
1	Vollenhove
1	Scheerwolde
1	Putte
1	Drachten
1	Beverwijk
1	Gorinchem
1	Hezingen
1	Opijnen
1	Grootschermer
1	Hoogezand
1	Schalsum
1	Garyp
1	Sint-Michielsgestel
1	Meijel
1	Markelo
1	Mariënvelde
1	Hooge Zwaluwe
1	Zwagerbosch
1	Krabbendijke
1	Slijkenburg
1	Overasselt
1	Zwartewaal
1	Werkendam
1	Boskoop
1	Sluiskil
1	Burgum
1	Wellerlooi
1	Hoogkarspel
1	Molenschot
1	Abcoude
1	Hedel
1	Easterein
1	Hornhuizen
1	Papendrecht
1	Woltersum
1	Wenum Wiesel
1	Brantgum
1	Jouswier
1	Wilp
1	Rumpt
1	Slochteren
1	Herveld
1	Nieuwebrug
1	Westerhoven
1	Lienden
1	Roermond
1	Terneuzen
1	Woudsend
1	Bronneger
1	Ter Idzard
1	Zuidlaren
1	Zuidvelde
1	Lauwerzijl
1	Winkel
1	Elburg
1	Klazienaveen-Noord
1	Wildervank
1	Hiaure
1	Aerdenhout
1	Snelrewaard
1	Vierpolders
1	Aalsum
1	Ballum
1	Klijndijk
1	Jorwert
1	Naaldwijk
1	Hulsel
1	't Zand
1	Vilsteren
1	Alphen aan den Rijn
1	Driewegen
1	Minnertsga
1	Geijsteren
1	Zuiderwoude
1	Den Ilp
1	Spierdijk
1	Simonshaven
1	Langbroek
1	Tzum
1	Purmerend
1	Alkmaar
1	Purmerland
1	Veenoord
1	Hijum
1	Meerlo
1	Berg en Terblijt
1	Lithoijen
1	Burum
1	Ypecolsga
1	Eeserveen
1	Bocholtz
1	Ravenswoud
1	Saaxumhuizen
1	Kortenhoef
1	Baarn
1	Vries
1	Loenersloot
1	Ekehaar
1	Vredenheim
1	Aldtsjerk
1	Gastel
1	's-Gravendeel
1	Rucphen
1	Basse
1	Zuid-Beijerland
1	Norg
1	Aalst
1	Spijkenisse
1	Stegeren
1	Hedikhuizen
1	Nieuw-Vossemeer
1	Schiphol
1	Keent
1	Zweins
1	Lauwersoog
1	De Meern
1	Graft
1	Sleeuwijk
1	Babyloniënbroek
1	Ede
1	West-Graftdijk
1	Slagharen
1	Vleuten
1	Grafhorst
1	Westkapelle
1	Westerlee
1	Breukelen
1	Uithoorn
1	Maastricht
1	Mildam
1	Stavenisse
1	Rinsumageast
1	Eemnes
1	Lamswaarde
1	Ven-Zelderheide
1	Randwijk
1	IJmuiden
1	Dieverbrug
1	Wittelte
1	Folsgare
1	Millingen aan de Rijn
1	Beesd
1	Ouwerkerk
1	Rottevalle
1	Geffen
1	Nijensleek
1	Vuren
1	Waaksens
1	Earnewâld
1	de Lutte
1	De Klomp
1	Deinum
1	Hempens
1	Boelenslaan
1	Scharmer
1	Hoef en Haag
1	Westwoud
1	Neer
1	Paterswolde
1	Eindhoven
1	Oostvoorne
1	Budel
1	't Waar
1	Rijkevoort-De Walsert
1	Herpt
1	Schipborg
1	Westerbroek
1	Hollum
1	Nuth
1	St. Willebrord
1	Zelhem
1	Gapinge
1	Westmaas
1	Haalderen
1	Cuijk
1	Nieuwe Pekela
1	Huizinge
1	Slijk-Ewijk
1	Brummen
1	Beringe
1	Heythuysen
1	Saasveld
1	Lieveren
1	Schoonhoven
1	de Woude
1	Cothen
1	Oost-Graftdijk
1	Einighausen
1	Warten
1	Manderveen
1	Schoonoord
1	De Wilgen
1	Leutingewolde
1	Blokker
1	Nijeholtwolde
1	Oudebildtzijl
1	Stramproy
1	Ezinge
1	Ravenstein
1	Soest
1	Kring van Dorth
1	Schijf
1	Lattrop-Breklenkamp
1	Nieuwleusen
1	Landerum
1	Schouwerzijl
1	Angerlo
1	Kortgene
1	Wachtum
1	Mook
1	Marken
1	Eppenhuizen
1	Kolderwolde
1	Noordhoek
1	Zuidlaarderveen
1	Hoogvliet
1	Apeldoorn
1	Breskens
1	Nijega
1	Botlek
1	Augsbuurt
1	Oeffelt
1	Budel-Dorplein
1	Berghem
1	Stellendam
1	Indijk
1	Midlaren
1	Nagele
1	Tonden
1	Gasselternijveen
1	Schipluiden
1	Bitgummole
1	Ried
1	Bilthoven
1	Aalsmeer
1	Ilpendam
1	Burgerbrug
1	Laag-Soeren
1	Zuilichem
1	Haghorst
1	Stroobos
1	Dorst
1	Genderen
1	Colmschate
1	Bergharen
1	Idaerd
1	Gerkesklooster
1	Asten
1	Grave
1	Driehuis
1	Geervliet
1	Kuinre
1	Zeijen
1	Holten
1	Twijzel
1	Wilbertoord
1	Akmarijp
1	Kattendijke
1	Ulicoten
1	Hoogeveen
1	Huisduinen
1	Oude Wetering
1	Winde
1	Ossenwaard
1	Gellicum
1	Marum
1	Benningbroek
1	Winssen
1	Terkaple
1	Stad aan 't Haringvliet
1	Escharen
1	Gendringen
1	Liempde
1	Diepenheim
1	Piershil
1	Gilze
1	Ter Apelkanaal
1	Wijnjewoude
1	Emst
1	Rhenen
1	Bladel
1	de Wijk
1	Middelstum
1	Leuth
1	Haelen
1	Nibbixwoud
1	Vinkenbuurt
1	Weteringbrug
1	Hensbroek
1	Ossendrecht
1	Oud Gastel
1	Lemele
1	Yerseke
1	Nieuw-Vennep
1	Tinallinge
1	Schore
1	Aardenburg
1	Malden
1	Emmen
1	Horst
1	Bentelo
1	Westerhaar-Vriezenveensewijk
1	Holthees
1	Beesel
1	Deventer
1	Vaals
1	Reitsum
1	Toldijk
1	Hellouw
1	Rijs
1	Overschild
1	Dokkum
1	Gameren
1	de Hoef
1	Ens
1	Ulrum
1	Nieuw-Beijerland
1	Maasland
1	Vlissingen
1	Brouwershaven
1	Eijsden
1	Nieuw Heeten
1	Helmond
1	Haule
1	Wernhout
1	Burdaard
1	Briltil
1	Aldeboarn
1	Deil
1	Gouda
1	Groenlo
1	Nederhorst den Berg
1	Schalkwijk
1	Heeswijk-Dinther
1	Uitdam
1	Uithuizen
1	Kelpen-Oler
1	Hoensbroek
1	IJhorst
1	Boksum
1	Ubbergen
1	Rijssen
1	Taarlo
1	Herwen
1	Schalkhaar
1	Zandeweer
1	Donderen
1	Sintjohannesga
1	Angeren
1	Hulshorst
1	Zweeloo
1	Arcen
1	Clinge
1	Ommel
1	Peins
1	Overberg
1	Klooster Lidlum
1	Haarlemmerliede
1	Foxhol
1	Tijnje
1	Nijeholtpade
1	Haaften
1	Jonkersvaart
1	Zeerijp
1	Goëngahuizen
1	Nijeberkoop
1	Heibloem
1	Kollumerzwaag
1	Lollum
1	Den Velde
1	Miedum
1	Beusichem
1	Hengevelde
1	Gelselaar
1	Menaam
1	Delft
1	Sint Maartensbrug
1	Odiliapeel
1	Wemeldinge
1	Hazerswoude-Dorp
1	Haastrecht
1	Leens
1	Zorgvlied
1	Vijfhuizen
1	Nieuw-Schoonebeek
1	Tirns
1	Dwingeloo
1	Mander
1	Rotstergaast
1	Bontebok
1	Helvoirt
1	Vlodrop
1	Nunhem
1	De Koog
1	Bleskensgraaf
1	Eersel
1	Wateren
1	Noordwijkerhout
1	Burgwerd
1	Reek
1	Nieuw- en Sint Joosland
1	Meppel
1	Giesbeek
1	Rijpwetering
1	Kapel-Avezaath
1	Lemelerveld
1	Engwierum
1	Puiflijk
1	Bakhuizen
1	Velddriel
1	's-Hertogenbosch
1	Mantgum
1	Oldeberkoop
1	Raamsdonk
1	Langedijke
1	Oudesluis
1	Marijenkampen
1	Huppel
1	Helden
1	Drimmelen
1	Oosthem
1	Wanssum
1	Lutjegast
1	Aalsmeerderbrug
1	Nutter
1	Vierhouten
1	Reduzum
1	Farmsum
1	Nieuwerbrug aan den Rijn
1	Nieuwersluis
1	Tubbergen
1	Koarnjum
1	Poppenwier
1	Zandpol
1	Guttecoven
1	Friens
1	Ooij
1	Zeeland
1	Amsterdam-Duivendrecht
1	Hurdegaryp
1	Wagenborgen
1	Eygelshoven
1	Zurich
1	Burgh-Haamstede
1	Offingawier
1	Snikzwaag
1	Sellingen
1	Nieuwkuijk
1	Leur
1	Steggerda
1	Zuidschermer
1	Doldersum
1	Barsingerhorn
1	Bergen op Zoom
1	Wanroij
1	Oud Annerveen
1	Markenbinnen
1	Eenrum
1	Eefde
1	Ter Heijde
1	Kronenberg
1	Warmenhuizen
1	Sint Philipsland
1	Dalem
1	Ellewoutsdijk
1	Sint Nicolaasga
1	Odoornerveen
1	Kornwerderzand
1	Echtenerbrug
1	Lierop
1	Meerssen
1	Bleiswijk
1	Thorn
1	Heerjansdam
1	Tjerkgaast
1	Winneweer
1	Bergschenhoek
1	Kekerdom
1	Ossenzijl
1	Hoogenweg
1	Oirschot
1	Starnmeer
1	Huizen
1	Kreileroord
1	Heukelom
1	Gieten
1	Aarle-Rixtel
1	Sint Odiliënberg
1	Damwâld
1	Avenhorn
1	Weidum
1	Fochteloo
1	Sint Kruis
1	Marwijksoord
1	Den Dungen
1	Holtheme
1	Belt-Schutsloot
1	Heemserveen
1	Kerkdriel
1	Hoogblokland
1	Wetering
1	Vorstenbosch
1	Zwaagdijk-Oost
1	Leeuwarden
1	Nij Beets
1	Born
1	Losser
1	Baneheide
1	Vorchten
1	Broek
1	Schinveld
1	Vroomshoop
1	Broekhuizenvorst
1	Veelerveen
1	Leermens
1	Beek en Donk
1	Nijemirdum
1	De Kiel
1	Badhoevedorp
1	Vinkeveen
1	Hei- en Boeicop
1	Bunnik
1	Eelde
1	Hummelo
1	Gorredijk
1	Noordeloos
1	Hallum
1	Nieuwolda
1	Paesens
1	Ysbrechtum
1	Assen
1	Kilder
1	Oldebroek
1	IJsselmuiden
1	Hilversum
1	Oudenbosch
1	Nijmegen
1	Maarn
1	Britswert
1	Terherne
1	Rhenoy
1	Zeddam
1	Orvelte
1	Makkinga
1	Berkel en Rodenrijs
1	Voerendaal
1	Bant
1	Terband
1	Ouderkerk aan den IJssel
1	Wânswert
1	Wjelsryp
1	Cadzand
1	Welsum
1	Oirsbeek
1	Witharen
1	Jisp
1	Fluitenberg
1	Schildwolde
1	Zwolle
1	Enumatil
1	Pieterzijl
1	Wijnbergen
1	Austerlitz
1	Spannum
1	Herwijnen
1	Zuidland
1	Nieuw-Balinge
1	Deest
1	Lopik
1	Eldersloo
1	Nederland
1	Akkrum
1	Kraggenburg
1	Halsteren
1	Vierlingsbeek
1	Hattemerbroek
1	Oldetrijne
1	Sint Pancras
1	Galder
1	Lutjebroek
1	Mechelen
1	Landsmeer
1	's-Heer Arendskerke
1	Aduard
1	Udenhout
1	Papekop
1	Blitterswijck
1	De Knipe
1	Nieuwe Wetering
1	Westerbork
1	Musselkanaal
1	Achthuizen
1	Poeldijk
1	Doenrade
1	Schiphol-Rijk
1	Beers
1	Callantsoog
1	Schelluinen
1	Dedemsvaart
1	Hansweert
1	Lies
1	1e Exloërmond
1	Barchem
1	Nijlande
1	Kerk Avezaath
1	Enschede
1	Gytsjerk
1	Delden
1	Zuna
1	Appingedam
1	's-Gravenpolder
1	Nieuwerkerk
1	Harmelen
1	Gronsveld
1	Sneek
1	Nijehaske
1	Herbaijum
1	Heerewaarden
1	Maasvlakte
1	Strijen
1	Lemiers
1	De Lier
1	Heteren
1	Blaricum
1	Reahûs
1	Grevenbicht
1	Zuidermeer
1	2e Exloërmond
1	Leek
1	Driebergen-Rijsenburg
1	Nijhuizum
1	Overslag
1	Ohé en Laak
1	Elshout
1	Eelderwolde
1	Heeg
1	Iens
1	Marsum
1	Heemstede
1	Westerwijtwerd
1	Kamerik
1	Witte Paarden
1	Matsloot
1	Witteveen
1	Meterik
1	Kommerzijl
1	Langelo
1	Hoornsterzwaag
1	Oudwoude
1	Sint-Annaland
1	Pieterburen
1	Opperdoes
1	Idsegahuizum
1	Lellens
1	Den Bommel
1	Lichtenvoorde
1	Capelle aan den IJssel
1	Zalk
1	Garminge
1	Vogelwaarde
1	De Waal
1	Stroe
1	Emmeloord
1	Marrum
1	Aadorp
1	Montfort
1	Ouddorp
1	Ravenswaaij
1	Midwolda
1	Wagenberg
1	Merselo
1	Morra
1	Andel
1	Overveen
1	Winterswijk
1	Ferwoude
1	Esbeek
1	Aerdt
1	Venhuizen
1	Maasbracht
1	Oude Willem
1	Hitzum
1	De Goorn
1	Hem
1	De Cocksdorp
1	Varsselder
1	Okkenbroek
1	Bruchterveld
1	Ane
1	Bovenkarspel
1	Coevorden
1	Lieshout
1	Bakel
1	Gennep
1	Boxtel
1	Riel
1	2e Valthermond
1	Hellevoetsluis
1	Heenvliet
1	Grootegast
1	Oudehorne
1	Mantinge
1	Ederveen
1	Eexterzandvoort
1	Zoelen
1	Wouw
1	Scheulder
1	Bruinehaar
1	Eckelrade
1	Boekel
1	Almkerk
1	Moddergat
1	Jonkerslân
1	Wittem
1	Mariënheem
1	Annerveenschekanaal
1	Nieuwerkerk aan den IJssel
1	Maartensdijk
1	Wommels
1	Doorwerth
1	De Bilt
1	Koudekerk aan den Rijn
1	Tolkamer
1	Drijber
1	Meteren
1	Lisserbroek
1	Hoenzadriel
1	Kessel
1	Ureterp
1	Leerbroek
1	Nijbroek
1	Wessem
1	Lage Vuursche
1	Loppersum
1	Eys
1	Tjerkwerd
1	Klundert
1	Oudendijk
1	Weerselo
1	Ruurlo
1	Herpen
1	Munstergeleen
1	Siegerswoude
1	Gemonde
1	Nuis
1	Akersloot
1	Schettens
1	It Heidenskip
1	Easterlittens
1	's-Gravenzande
1	Heiligerlee
1	Ter Aard
1	Uitgeest
1	Eemdijk
1	Waaxens
1	Holthone
1	Ulft
1	Hemelum
1	St.-Jacobiparochie
1	Wergea
1	Nieuw-Weerdinge
1	Gasselte
1	Radio Kootwijk
1	Windraak
1	Haaksbergen
1	Anderen
1	Diffelen
1	Teeffelen
1	Wier
1	Zeegse
1	Broek op Langedijk
1	Duizel
1	Westknollendam
1	De Mortel
1	Bosschenhoofd
1	Meppen
1	Nieuwlande
1	Eastermar
1	Sint Jansteen
1	Horn
1	Wytgaard
1	Laag-Keppel
1	Lopikerkapel
1	Laag Zuthem
1	Mariënberg
1	Geertruidenberg
1	Rietmolen
1	Eerbeek
1	Aalten
1	Peize
1	Blessum
1	Hilaard
1	Heelsum
1	Asch
1	Vorden
1	Oldenzaal
1	Waddinxveen
1	Oosthuizen
1	Zuidbroek
1	Hippolytushoef
1	Goor
1	Nooitgedacht
1	Jistrum
1	Wadenoijen
1	Brakel
1	Ysselsteyn
1	Sint Jansklooster
1	Oostdijk
1	St.-Annaparochie
1	Tjuchem
1	Harreveld
1	Horssen
1	De Zilk
1	Zieuwent
1	Grou
1	Ouderkerk aan de Amstel
1	Zwaag
1	IJsselham
1	Lierderholthuis
1	Bunschoten-Spakenburg
1	Noordhorn
1	Ingber
1	Húns
1	Itens
1	Waterlandkerkje
1	Blije
1	Buitenkaag
1	Zwammerdam
1	Middelburg
1	Langelille
1	Brinkheurne
1	Middenbeemster
1	Annen
1	Borger
1	Nieuw-Dordrecht
1	's-Gravenhage
1	Winschoten
1	Ressen
1	Losdorp
1	Bodegraven
1	Rheezerveen
1	Drachtstercompagnie
1	Wyns
1	Varik
1	Albergen
1	Oud-Vossemeer
1	Poortugaal
1	Harich
1	IJsselstein
1	Waskemeer
1	Nieuw-Lekkerland
1	Hidaard
1	Polsbroek
1	Krimpen aan den IJssel
1	Balgoij
1	Renesse
1	Oude Niedorp
1	Rouveen
1	Sint Maartensvlotbrug
1	Eagum
1	Kropswolde
1	Jutrijp
1	Hoge Hexel
1	Neede
1	Augustinusga
1	Wapserveen
1	Rekken
1	Haringhuizen
1	Bergentheim
1	Twijzelerheide
1	Loozen
1	Breda
1	De Punt
1	Tilligte
1	Dalen
1	Scherpenisse
1	Dongen
1	Bad Nieuweschans
1	Megen
1	Blokzijl
1	Triemen
1	Nieuwediep
1	Venebrugge
1	Tegelen
1	Mijnsheerenland
1	Koudekerke
1	Groot-Ammers
1	Deelen
1	Vragender
1	Batenburg
1	Egmond aan den Hoef
1	Waarder
1	Scheemda
1	Midlum
1	Zuidzande
1	Wezuperbrug
1	Swalmen
1	Dedgum
1	Steenderen
1	Meerstad
1	Westbeemster
1	Europoort
1	Nieuwehorne
1	Nispen
1	Julianadorp
1	Bredevoort
1	Westerbeek
1	Opende
1	Ottersum
1	Froombosch
1	Wintelre
1	Melick
1	Bergen aan Zee
1	Sterksel
1	Moerkapelle
1	Hall
1	Rien
1	Persingen
1	Wierum
1	Sommelsdijk
1	Wijhe
1	Koningsbosch
1	Deurne
1	Huissen
1	Nieuwer Ter Aa
1	Veere
1	Kiel-Windeweer
1	Blijham
1	Oude Meer
1	Venray
1	Roelofarendsveen
1	Zuiddorpe
1	Wouwse Plantage
1	Vlagtwedde
1	Holwierde
1	Hulsberg
1	Boazum
1	Haskerdijken
1	Eesterga
1	Bierum
1	Bennekom
1	Vledder
1	Appelscha
